{"results": {"accuracy": 0.9361179361179361, "true_negative": 0.9145985401459854, "false_positive": 0.0854014598540146, "false_negative": 0.048250265111346766, "true_positive": 0.9517497348886532}}