{"results": {"accuracy": 0.9293611793611793, "true_negative": 0.9185393258426966, "false_positive": 0.08146067415730338, "false_negative": 0.06222707423580786, "true_positive": 0.9377729257641921}}