{"results": {"accuracy": 0.9345823095823096, "true_negative": 0.9051663128096249, "false_positive": 0.09483368719037509, "false_negative": 0.04286489419424851, "true_positive": 0.9571351058057515}}