{"results": {"accuracy": 0.937039312039312, "true_negative": 0.924822695035461, "false_positive": 0.075177304964539, "false_negative": 0.053629469122426866, "true_positive": 0.9463705308775732}}