{"results": {"accuracy": 0.9351965601965602, "true_negative": 0.9176721078779276, "false_positive": 0.0823278921220724, "false_negative": 0.051434759068760154, "true_positive": 0.9485652409312398}}