{"results": {"accuracy": 0.9327395577395577, "true_negative": 0.8990182328190743, "false_positive": 0.10098176718092566, "false_negative": 0.040983606557377046, "true_positive": 0.9590163934426229}}