{"results": {"accuracy": 0.9235257985257985, "true_negative": 0.9039359573048699, "false_positive": 0.09606404269513008, "false_negative": 0.05976095617529881, "true_positive": 0.9402390438247012}}